name,caption
1.png,Покемон типа травы и яда
2.png,Покемон типа травы и яда
3.png,Покемон типа травы и яда
4.png,Покемон огня
5.png,Покемон огня
6.png,Покемон пожарного и летающего типа
7.png,Покемон в воду
8.png,Покемон в воду
9.png,Покемон в воду
10.png,Покемон типа ошибок
11.png,Покемон типа ошибок
12.png,Тип ошибки и Покемон
13.png,Покемон типа ошибок и яда
14.png,Покемон типа ошибок и яда
15.png,Покемон типа ошибок и яда
16.png,Покемон нормального типа и летания
17.png,Покемон нормального типа и летания
18.png,Покемон нормального типа и летания
19.png,Покемон нормального типа
20.png,Покемон нормального типа
21.png,Покемон нормального типа и летания
22.png,Покемон нормального типа и летания
23.png,Покемон яда
24.png,Покемон яда
25.png,Покемон электрического типа
26.png,Покемон электрического типа
27.png,Покемон наземного типа
28.png,Покемон наземного типа
29.png,Покемон яда
30.png,Покемон яда
31.png,Покемон яда и типа земли
32.png,Покемон яда
33.png,Покемон яда
34.png,Покемон яда и типа земли
35.png,Покемон фея
36.png,Покемон фея
37.png,Покемон огня
38.png,Покемон огня
39.png,Покемон нормального типа и фея
40.png,Покемон нормального типа и фея
41.png,Покемон яда и летающий покемон
42.png,Покемон яда и летающий покемон
43.png,Покемон типа травы и яда
44.png,Покемон типа травы и яда
45.png,Покемон типа травы и яда
46.png,Покемон типа ошибок и трава
47.png,Покемон типа ошибок и трава
48.png,Покемон типа ошибок и яда
49.png,Покемон типа ошибок и яда
50.png,Покемон наземного типа
51.png,Покемон наземного типа
52.png,Покемон нормального типа
53.png,Покемон нормального типа
54.png,Покемон в воду
55.png,Покемон в воду
56.png,Покемон боевого типа
57.png,Покемон боевого типа
58.png,Покемон огня
59.png,Покемон огня
60.png,Покемон в воду
61.png,Покемон в воду
62.png,Покемон типа воды и боевой тип
63.png,Покемон психического типа
64.png,Покемон психического типа
65.png,Покемон психического типа
66.png,Покемон боевого типа
67.png,Покемон боевого типа
68.png,Покемон боевого типа
69.png,Покемон типа травы и яда
70.png,Покемон типа травы и яда
71.png,Покемон типа травы и яда
72.png,Покемон типа воды и яда
73.png,Покемон типа воды и яда
74.png,Рок-тип и покемон наземного типа
75.png,Рок-тип и покемон наземного типа
76.png,Рок-тип и покемон наземного типа
77.png,Покемон огня
78.png,Покемон огня
79.png,Покемон типа воды и психического типа
80.png,Покемон типа воды и психического типа
81.png,Покемон электрического типа и стали
82.png,Покемон электрического типа и стали
83.png,Покемон нормального типа и летания
84.png,Покемон нормального типа и летания
85.png,Покемон нормального типа и летания
86.png,Покемон в воду
87.png,Покемон типа воды и ледяной
88.png,Покемон яда
89.png,Покемон яда
90.png,Покемон в воду
91.png,Покемон типа воды и ледяной
92.png,Покемон типа призрака и яда
93.png,Покемон типа призрака и яда
94.png,Покемон типа призрака и яда
95.png,Рок-тип и покемон наземного типа
96.png,Покемон психического типа
97.png,Покемон психического типа
98.png,Покемон в воду
99.png,Покемон в воду
100.png,Покемон электрического типа
101.png,Покемон электрического типа
102.png,Трава и психический тип покемонов
103.png,Трава и психический тип покемонов
104.png,Покемон наземного типа
105.png,Покемон наземного типа
106.png,Покемон боевого типа
107.png,Покемон боевого типа
108.png,Покемон нормального типа
109.png,Покемон яда
110.png,Покемон яда
111.png,Покемон наземного типа и покемона
112.png,Покемон наземного типа и покемона
113.png,Покемон нормального типа
114.png,Покемон трава
115.png,Покемон нормального типа
116.png,Покемон в воду
117.png,Покемон в воду
118.png,Покемон в воду
119.png,Покемон в воду
120.png,Покемон в воду
121.png,Покемон типа воды и психического типа
122.png,Психический тип и фея покемонов
123.png,Тип ошибки и Покемон
124.png,Ледяной и психический тип покемонов
125.png,Покемон электрического типа
126.png,Покемон огня
127.png,Покемон типа ошибок
128.png,Покемон нормального типа
129.png,Покемон в воду
130.png,Покемон типа воды и летания
131.png,Покемон типа воды и ледяной
132.png,Покемон нормального типа
133.png,Покемон нормального типа
134.png,Покемон в воду
135.png,Покемон электрического типа
136.png,Покемон огня
137.png,Покемон нормального типа
138.png,Покемон рок-типа и воды
139.png,Покемон рок-типа и воды
140.png,Покемон рок-типа и воды
141.png,Покемон рок-типа и воды
142.png,Покемон рок-типа и летающий
143.png,Покемон нормального типа
144.png,Покемон ледяного типа и летательный тип
145.png,Покемон электрического типа и летающий
146.png,Покемон пожарного и летающего типа
147.png,Покемон типа дракона
148.png,Покемон типа дракона
149.png,Покемон дракона и полей летающего типа
150.png,Покемон психического типа
151.png,Покемон психического типа
152.png,Покемон трава
153.png,Покемон трава
154.png,Покемон трава
155.png,Покемон огня
156.png,Покемон огня
157.png,Покемон огня
158.png,Покемон в воду
159.png,Покемон в воду
160.png,Покемон в воду
161.png,Покемон нормального типа
162.png,Покемон нормального типа
163.png,Покемон нормального типа и летания
164.png,Покемон нормального типа и летания
165.png,Тип ошибки и Покемон
166.png,Тип ошибки и Покемон
167.png,Покемон типа ошибок и яда
168.png,Покемон типа ошибок и яда
169.png,Покемон яда и летающий покемон
170.png,Покемон воды и электрический тип
171.png,Покемон воды и электрический тип
172.png,Покемон электрического типа
173.png,Покемон фея
174.png,Покемон нормального типа и фея
175.png,Покемон фея
176.png,Покемон фея и летающий тип
177.png,Покемон психического типа и летания
178.png,Покемон психического типа и летания
179.png,Покемон электрического типа
180.png,Покемон электрического типа
181.png,Покемон электрического типа
182.png,Покемон трава
183.png,Покемон типа воды и фея
184.png,Покемон типа воды и фея
185.png,Покемон рок-типа
186.png,Покемон в воду
187.png,Покемон типа трава и летающий
188.png,Покемон типа трава и летающий
189.png,Покемон типа трава и летающий
190.png,Покемон нормального типа
191.png,Покемон трава
192.png,Покемон трава
193.png,Тип ошибки и Покемон
194.png,Покемон типа воды и наземного типа
195.png,Покемон типа воды и наземного типа
196.png,Покемон психического типа
197.png,Покемон темного типа
198.png,Покемон темного типа и летания
199.png,Покемон типа воды и психического типа
200.png,Покемон призрака типа
201.png,Покемон психического типа
202.png,Покемон психического типа
203.png,Покемон обычного типа и психического типа
204.png,Покемон типа ошибок
205.png,Покемон типа ошибок и сталь типа
206.png,Покемон нормального типа
207.png,Покемон наземного типа и летающий
208.png,Покемон из стали и наземного типа
209.png,Покемон фея
210.png,Покемон фея
211.png,Покемон типа воды и яда
212.png,Покемон типа ошибок и сталь типа
213.png,Покемон типа ошибок и рок-тип
214.png,Покемон типа ошибок и боевой тип
215.png,Темный тип и ледяной покемон
216.png,Покемон нормального типа
217.png,Покемон нормального типа
218.png,Покемон огня
219.png,Покемон пожарной и рок-типа
220.png,Ледяной тип и покемон наземного типа
221.png,Ледяной тип и покемон наземного типа
222.png,Покемон типа воды и рок-типа
223.png,Покемон в воду
224.png,Покемон в воду
225.png,Покемон ледяного типа и летательный тип
226.png,Покемон типа воды и летания
227.png,Покемон из стали и летающего типа
228.png,Темный тип и покемон
229.png,Темный тип и покемон
230.png,Покемон типа воды и дракона
231.png,Покемон наземного типа
232.png,Покемон наземного типа
233.png,Покемон нормального типа
234.png,Покемон нормального типа
235.png,Покемон нормального типа
236.png,Покемон боевого типа
237.png,Покемон боевого типа
238.png,Ледяной и психический тип покемонов
239.png,Покемон электрического типа
240.png,Покемон огня
241.png,Покемон нормального типа
242.png,Покемон нормального типа
243.png,Покемон электрического типа
244.png,Покемон огня
245.png,Покемон в воду
246.png,Рок-тип и покемон наземного типа
247.png,Рок-тип и покемон наземного типа
248.png,Покемон рок-типа и темного типа
249.png,Покемон психического типа и летания
250.png,Покемон пожарного и летающего типа
251.png,Психический тип и покемон травы
252.png,Покемон трава
253.png,Покемон трава
254.png,Покемон трава
255.png,Покемон огня
256.png,Покемон пожарного и боевого типа
257.png,Покемон пожарного и боевого типа
258.png,Покемон в воду
259.png,Покемон типа воды и наземного типа
260.png,Покемон типа воды и наземного типа
261.png,Покемон темного типа
262.png,Покемон темного типа
263.png,Покемон нормального типа
264.png,Покемон нормального типа
265.png,Покемон типа ошибок
266.png,Покемон типа ошибок
267.png,Тип ошибки и Покемон
268.png,Покемон типа ошибок
269.png,Покемон типа ошибок и яда
270.png,Покемон типа воды и травы
271.png,Покемон типа воды и травы
272.png,Покемон типа воды и травы
273.png,Покемон трава
274.png,Покемон трава и темного типа
275.png,Покемон трава и темного типа
276.png,Покемон нормального типа и летания
277.png,Покемон нормального типа и летания
278.png,Покемон типа воды и летания
279.png,Покемон типа воды и летания
280.png,Психический тип и фея покемонов
281.png,Психический тип и фея покемонов
282.png,Психический тип и фея покемонов
283.png,Покемон типа ошибок и типа воды
284.png,Тип ошибки и Покемон
285.png,Покемон трава
286.png,Трава и боевой тип покемонов
287.png,Покемон нормального типа
288.png,Покемон нормального типа
289.png,Покемон нормального типа
290.png,Тип ошибки и покемон наземного типа
291.png,Тип ошибки и Покемон
292.png,Тип ошибки и Покемон призрака
293.png,Покемон нормального типа
294.png,Покемон нормального типа
295.png,Покемон нормального типа
296.png,Покемон боевого типа
297.png,Покемон боевого типа
298.png,Покемон нормального типа и фея
299.png,Покемон рок-типа
300.png,Покемон нормального типа
301.png,Покемон нормального типа
302.png,Темный тип и призрак покемон
303.png,Покемон из стального типа и фея
304.png,Покемон стальной и рок-типа
305.png,Покемон стальной и рок-типа
306.png,Покемон стальной и рок-типа
307.png,Боевой тип и психический тип покемонов
308.png,Боевой тип и психический тип покемонов
309.png,Покемон электрического типа
310.png,Покемон электрического типа
311.png,Покемон электрического типа
312.png,Покемон электрического типа
313.png,Покемон типа ошибок
314.png,Покемон типа ошибок
315.png,Покемон типа травы и яда
316.png,Покемон яда
317.png,Покемон яда
318.png,Покемон в водный и темный тип
319.png,Покемон в водный и темный тип
320.png,Покемон в воду
321.png,Покемон в воду
322.png,Покемон пожарного и наземного типа
323.png,Покемон пожарного и наземного типа
324.png,Покемон огня
325.png,Покемон психического типа
326.png,Покемон психического типа
327.png,Покемон нормального типа
328.png,Покемон наземного типа
329.png,Покемон наземного типа и типа дракона
330.png,Покемон наземного типа и типа дракона
331.png,Покемон трава
332.png,Покемон трава и темного типа
333.png,Покемон нормального типа и летания
334.png,Покемон дракона и полей летающего типа
335.png,Покемон нормального типа
336.png,Покемон яда
337.png,Покемон рок-тип и психический тип
338.png,Покемон рок-тип и психический тип
339.png,Покемон типа воды и наземного типа
340.png,Покемон типа воды и наземного типа
341.png,Покемон в воду
342.png,Покемон в водный и темный тип
343.png,Покемон наземного типа и психическими типами
344.png,Покемон наземного типа и психическими типами
345.png,Покемон рок-типа и трава
346.png,Покемон рок-типа и трава
347.png,Покемон рок-типа и типа
348.png,Покемон рок-типа и типа
349.png,Покемон в воду
350.png,Покемон в воду
351.png,Покемон нормального типа
352.png,Покемон нормального типа
353.png,Покемон призрака типа
354.png,Покемон призрака типа
355.png,Покемон призрака типа
356.png,Покемон призрака типа
357.png,Покемон типа трава и летающий
358.png,Покемон психического типа
359.png,Покемон темного типа
360.png,Покемон психического типа
361.png,Покемон типа льда
362.png,Покемон типа льда
363.png,Ледяной тип и покемон воды
364.png,Ледяной тип и покемон воды
365.png,Ледяной тип и покемон воды
366.png,Покемон в воду
367.png,Покемон в воду
368.png,Покемон в воду
369.png,Покемон типа воды и рок-типа
370.png,Покемон в воду
371.png,Покемон типа дракона
372.png,Покемон типа дракона
373.png,Покемон дракона и полей летающего типа
374.png,Покемон из стального и психического типа
375.png,Покемон из стального и психического типа
376.png,Покемон из стального и психического типа
377.png,Покемон рок-типа
378.png,Покемон типа льда
379.png,Покемон из стали типа
380.png,Покемон типа дракона и психический тип
381.png,Покемон типа дракона и психический тип
382.png,Покемон в воду
383.png,Покемон наземного типа
384.png,Покемон дракона и полей летающего типа
385.png,Покемон из стального и психического типа
386.png,Покемон психического типа
387.png,Покемон трава
388.png,Покемон трава
389.png,Покемон типа трава и земли
390.png,Покемон огня
391.png,Покемон пожарного и боевого типа
392.png,Покемон пожарного и боевого типа
393.png,Покемон в воду
394.png,Покемон в воду
395.png,Покемон типа воды и стали
396.png,Покемон нормального типа и летания
397.png,Покемон нормального типа и летания
398.png,Покемон нормального типа и летания
399.png,Покемон нормального типа
400.png,Нормальный тип и покемон типа воды
401.png,Покемон типа ошибок
402.png,Покемон типа ошибок
403.png,Покемон электрического типа
404.png,Покемон электрического типа
405.png,Покемон электрического типа
406.png,Покемон типа травы и яда
407.png,Покемон типа травы и яда
408.png,Покемон рок-типа
409.png,Покемон рок-типа
410.png,Покемон рок-типа и стали
411.png,Покемон рок-типа и стали
412.png,Покемон типа ошибок
413.png,Покемон типа ошибок и трава
414.png,Тип ошибки и Покемон
415.png,Тип ошибки и Покемон
416.png,Тип ошибки и Покемон
417.png,Покемон электрического типа
418.png,Покемон в воду
419.png,Покемон в воду
420.png,Покемон трава
421.png,Покемон трава
422.png,Покемон в воду
423.png,Покемон типа воды и наземного типа
424.png,Покемон нормального типа
425.png,Покемон типа призрака и летающий
426.png,Покемон типа призрака и летающий
427.png,Покемон нормального типа
428.png,Покемон нормального типа
429.png,Покемон призрака типа
430.png,Покемон темного типа и летания
431.png,Покемон нормального типа
432.png,Покемон нормального типа
433.png,Покемон психического типа
434.png,Покемон яда и темного типа
435.png,Покемон яда и темного типа
436.png,Покемон из стального и психического типа
437.png,Покемон из стального и психического типа
438.png,Покемон рок-типа
439.png,Психический тип и фея покемонов
440.png,Покемон нормального типа
441.png,Покемон нормального типа и летания
442.png,Покемон призрака и темного типа
443.png,Покемон дракона и типа земли
444.png,Покемон дракона и типа земли
445.png,Покемон дракона и типа земли
446.png,Покемон нормального типа
447.png,Покемон боевого типа
448.png,Покемон боевого типа и стали
449.png,Покемон наземного типа
450.png,Покемон наземного типа
451.png,Покемон яда и типа ошибок
452.png,Покемон яда и темного типа
453.png,Покемон ядовитого типа и боевой тип
454.png,Покемон ядовитого типа и боевой тип
455.png,Покемон трава
456.png,Покемон в воду
457.png,Покемон в воду
458.png,Покемон типа воды и летания
459.png,Покемон типа трава и ледяной
460.png,Покемон типа трава и ледяной
461.png,Темный тип и ледяной покемон
462.png,Покемон электрического типа и стали
463.png,Покемон нормального типа
464.png,Покемон наземного типа и покемона
465.png,Покемон трава
466.png,Покемон электрического типа
467.png,Покемон огня
468.png,Покемон фея и летающий тип
469.png,Тип ошибки и Покемон
470.png,Покемон трава
471.png,Покемон типа льда
472.png,Покемон наземного типа и летающий
473.png,Ледяной тип и покемон наземного типа
474.png,Покемон нормального типа
475.png,Психический тип и боевой тип покемонов
476.png,Покемон рок-типа и стали
477.png,Покемон призрака типа
478.png,Тип льда и покемонов призрака
479.png,Покемон электрического типа и призрак
480.png,Покемон психического типа
481.png,Покемон психического типа
482.png,Покемон психического типа
483.png,Покемон типа стали и дракона
484.png,Покемон типа воды и дракона
485.png,Покемон пожарного и стального типа
486.png,Покемон нормального типа
487.png,Покемон типа призрака и дракона
488.png,Покемон психического типа
489.png,Покемон в воду
490.png,Покемон в воду
491.png,Покемон темного типа
492.png,Покемон трава
493.png,Покемон нормального типа
494.png,Психический тип и покемон огня
495.png,Покемон трава
496.png,Покемон трава
497.png,Покемон трава
498.png,Покемон огня
499.png,Покемон пожарного и боевого типа
500.png,Покемон пожарного и боевого типа
501.png,Покемон в воду
502.png,Покемон в воду
503.png,Покемон в воду
504.png,Покемон нормального типа
505.png,Покемон нормального типа
506.png,Покемон нормального типа
507.png,Покемон нормального типа
508.png,Покемон нормального типа
509.png,Покемон темного типа
510.png,Покемон темного типа
511.png,Покемон трава
512.png,Покемон трава
513.png,Покемон огня
514.png,Покемон огня
515.png,Покемон в воду
516.png,Покемон в воду
517.png,Покемон психического типа
518.png,Покемон психического типа
519.png,Покемон нормального типа и летания
520.png,Покемон нормального типа и летания
521.png,Покемон нормального типа и летания
522.png,Покемон электрического типа
523.png,Покемон электрического типа
524.png,Покемон рок-типа
525.png,Покемон рок-типа
526.png,Покемон рок-типа
527.png,Покемон психического типа и летания
528.png,Покемон психического типа и летания
529.png,Покемон наземного типа
530.png,Покемон наземного типа и стали
531.png,Покемон нормального типа
532.png,Покемон боевого типа
533.png,Покемон боевого типа
534.png,Покемон боевого типа
535.png,Покемон в воду
536.png,Покемон типа воды и наземного типа
537.png,Покемон типа воды и наземного типа
538.png,Покемон боевого типа
539.png,Покемон боевого типа
540.png,Покемон типа ошибок и трава
541.png,Покемон типа ошибок и трава
542.png,Покемон типа ошибок и трава
543.png,Покемон типа ошибок и яда
544.png,Покемон типа ошибок и яда
545.png,Покемон типа ошибок и яда
546.png,Покемон трава и фея покемонов
547.png,Покемон трава и фея покемонов
548.png,Покемон трава
549.png,Покемон трава
550.png,Покемон в воду
551.png,Покемон наземного типа и темного типа
552.png,Покемон наземного типа и темного типа
553.png,Покемон наземного типа и темного типа
554.png,Покемон огня
555.png,Покемон огня
556.png,Покемон трава
557.png,Покемон типа ошибок и рок-тип
558.png,Покемон типа ошибок и рок-тип
559.png,Темный тип и боевой тип покемонов
560.png,Темный тип и боевой тип покемонов
561.png,Покемон психического типа и летания
562.png,Покемон призрака типа
563.png,Покемон призрака типа
564.png,Покемон типа воды и рок-типа
565.png,Покемон типа воды и рок-типа
566.png,Покемон рок-типа и летающий
567.png,Покемон рок-типа и летающий
568.png,Покемон яда
569.png,Покемон яда
570.png,Покемон темного типа
571.png,Покемон темного типа
572.png,Покемон нормального типа
573.png,Покемон нормального типа
574.png,Покемон психического типа
575.png,Покемон психического типа
576.png,Покемон психического типа
577.png,Покемон психического типа
578.png,Покемон психического типа
579.png,Покемон психического типа
580.png,Покемон типа воды и летания
581.png,Покемон типа воды и летания
582.png,Покемон типа льда
583.png,Покемон типа льда
584.png,Покемон типа льда
585.png,Покемон нормального типа и трава
586.png,Покемон нормального типа и трава
587.png,Покемон электрического типа и летающий
588.png,Покемон типа ошибок
589.png,Покемон типа ошибок и сталь типа
590.png,Покемон типа травы и яда
591.png,Покемон типа травы и яда
592.png,Покемон типа воды и призрак
593.png,Покемон типа воды и призрак
594.png,Покемон в воду
595.png,Тип ошибки и покемон электрического типа
596.png,Тип ошибки и покемон электрического типа
597.png,Покемон типа травы и стали
598.png,Покемон типа травы и стали
599.png,Покемон из стали типа
600.png,Покемон из стали типа
601.png,Покемон из стали типа
602.png,Покемон электрического типа
603.png,Покемон электрического типа
604.png,Покемон электрического типа
605.png,Покемон психического типа
606.png,Покемон психического типа
607.png,Тип призрака и Покемон огня
608.png,Тип призрака и Покемон огня
609.png,Тип призрака и Покемон огня
610.png,Покемон типа дракона
611.png,Покемон типа дракона
612.png,Покемон типа дракона
613.png,Покемон типа льда
614.png,Покемон типа льда
615.png,Покемон типа льда
616.png,Покемон типа ошибок
617.png,Покемон типа ошибок
618.png,Покемон наземного типа и электрический
619.png,Покемон боевого типа
620.png,Покемон боевого типа
621.png,Покемон типа дракона
622.png,Покемон наземного типа и призрак
623.png,Покемон наземного типа и призрак
624.png,Покемон темного типа и стали
625.png,Покемон темного типа и стали
626.png,Покемон нормального типа
627.png,Покемон нормального типа и летания
628.png,Покемон нормального типа и летания
629.png,Покемон темного типа и летания
630.png,Покемон темного типа и летания
631.png,Покемон огня
632.png,Покемон типа ошибок и сталь типа
633.png,Темный тип и покемон дракона
634.png,Темный тип и покемон дракона
635.png,Темный тип и покемон дракона
636.png,Тип ошибки и Покемон огня
637.png,Тип ошибки и Покемон огня
638.png,Покемон из стального и боевого типа
639.png,Покемон рок-тип и боевой
640.png,Трава и боевой тип покемонов
641.png,Покемон летающего типа
642.png,Покемон электрического типа и летающий
643.png,Покемон дракона и покемон
644.png,Покемон типа дракона и электрический тип
645.png,Покемон наземного типа и летающий
646.png,Покемон типа дракона и ледяной
647.png,Покемон типа воды и боевой тип
648.png,Покемон обычного типа и психического типа
649.png,Покемон типа ошибок и сталь типа
650.png,Покемон трава
651.png,Покемон трава
652.png,Трава и боевой тип покемонов
653.png,Покемон огня
654.png,Покемон огня
655.png,Покемон пожарного и психического типа
656.png,Покемон в воду
657.png,Покемон в воду
658.png,Покемон в водный и темный тип
659.png,Покемон нормального типа
660.png,Покемон нормального типа и наземного типа
661.png,Покемон нормального типа и летания
662.png,Покемон пожарного и летающего типа
663.png,Покемон пожарного и летающего типа
664.png,Покемон типа ошибок
665.png,Покемон типа ошибок
666.png,Тип ошибки и Покемон
667.png,Покемон пожарного и нормального типа
668.png,Покемон пожарного и нормального типа
669.png,Покемон фея
670.png,Покемон фея
671.png,Покемон фея
672.png,Покемон трава
673.png,Покемон трава
674.png,Покемон боевого типа
675.png,Покемон боевого типа и темного типа
676.png,Покемон нормального типа
677.png,Покемон психического типа
678.png,Покемон психического типа
679.png,Покемон стального типа и призрак
680.png,Покемон стального типа и призрак
681.png,Покемон стального типа и призрак
682.png,Покемон фея
683.png,Покемон фея
684.png,Покемон фея
685.png,Покемон фея
686.png,Темный тип и психический тип покемонов
687.png,Темный тип и психический тип покемонов
688.png,Покемон рок-типа и воды
689.png,Покемон рок-типа и воды
690.png,Покемон яда и типа воды
691.png,Покемон типа яда и типа дракона
692.png,Покемон в воду
693.png,Покемон в воду
694.png,Покемон электрического типа и нормальный тип
695.png,Покемон электрического типа и нормальный тип
696.png,Покемон рок-типа и дракона
697.png,Покемон рок-типа и дракона
698.png,Покемон рок-типа и ледяной
699.png,Покемон рок-типа и ледяной
700.png,Покемон фея
701.png,Покемон боевого типа и летающий
702.png,Покемон электрического типа и фея
703.png,Покемон рок-типа и фея
704.png,Покемон типа дракона
705.png,Покемон типа дракона
706.png,Покемон типа дракона
707.png,Покемон из стального типа и фея
708.png,Покемон призрака и типа травы
709.png,Покемон призрака и типа травы
710.png,Покемон призрака и типа травы
711.png,Покемон призрака и типа травы
712.png,Покемон типа льда
713.png,Покемон типа льда
714.png,Покемон типа летающего типа и дракона
715.png,Покемон типа летающего типа и дракона
716.png,Покемон фея
717.png,Покемон темного типа и летания
718.png,Покемон дракона и типа земли
719.png,Покемон рок-типа и фея
720.png,Психический тип и покемон призрака
721.png,Покемон пожарного типа и воды
722.png,Покемон типа трава и летающий
723.png,Покемон типа трава и летающий
724.png,Покемон типа трава и призрак
725.png,Покемон огня
726.png,Покемон огня
727.png,Покемон огня и темного типа
728.png,Покемон в воду
729.png,Покемон в воду
730.png,Покемон типа воды и фея
731.png,Покемон нормального типа и летания
732.png,Покемон нормального типа и летания
733.png,Покемон нормального типа и летания
734.png,Покемон нормального типа
735.png,Покемон нормального типа
736.png,Покемон типа ошибок
737.png,Тип ошибки и покемон электрического типа
738.png,Тип ошибки и покемон электрического типа
739.png,Покемон боевого типа
740.png,Боевой тип и покемон типа льда
741.png,Покемон пожарного и летающего типа
742.png,Тип ошибки и покемон Faiy типа
743.png,Тип ошибки и покемон Faiy типа
744.png,Покемон рок-типа
745.png,Покемон рок-типа
746.png,Покемон в воду
747.png,Покемон яда и типа воды
748.png,Покемон яда и типа воды
749.png,Покемон наземного типа
750.png,Покемон наземного типа
751.png,Покемон типа воды и типа
752.png,Покемон типа воды и типа
753.png,Покемон трава
754.png,Покемон трава
755.png,Покемон трава и фея покемонов
756.png,Покемон трава и фея покемонов
757.png,Покемон яда и пожарного типа
758.png,Покемон яда и пожарного типа
759.png,Нормальный тип и боевой тип покемонов
760.png,Нормальный тип и боевой тип покемонов
761.png,Покемон трава
762.png,Покемон трава
763.png,Покемон трава
764.png,Покемон фея
765.png,Покемон обычного типа и психического типа
766.png,Покемон боевого типа
767.png,Покемон типа ошибок и типа воды
768.png,Покемон типа ошибок и типа воды
769.png,Покемон призрака и типа земли
770.png,Покемон призрака и типа земли
771.png,Покемон в воду
772.png,Покемон нормального типа
773.png,Покемон нормального типа
774.png,Покемон рок-типа и летающий
775.png,Покемон нормального типа
776.png,Покемон огненного типа и дракона
777.png,Покемон электрического типа и стали
778.png,Покемон призрака и фея
779.png,Покемон типа воды и психического типа
780.png,Покемон обычного типа и дракона
781.png,Покемон призрака и типа травы
782.png,Покемон типа дракона
783.png,Покемон типа дракона и боевой
784.png,Покемон типа дракона и боевой
785.png,Покемон электрического типа и фея
786.png,Психический тип и фея покемонов
787.png,Покемон трава и фея покемонов
788.png,Покемон типа воды и фея
789.png,Покемон психического типа
790.png,Покемон психического типа
791.png,Покемон психического типа и стали
792.png,Психический тип и покемон призрака
793.png,Покемон рок-типа и яда
794.png,Покемон типа ошибок и боевой тип
795.png,Покемон типа ошибок и боевой тип
796.png,Покемон электрического типа
797.png,Покемон из стали и летающего типа
798.png,Покемон типа травы и стали
799.png,Темный тип и покемон дракона
800.png,Покемон психического типа
801.png,Покемон из стального типа и фея
802.png,Покемон боевого типа и призрак
803.png,Покемон яда
804.png,Покемон типа яда и типа дракона
805.png,Покемон рок-типа и стали
806.png,Покемон пожарного типа и призрак
807.png,Покемон электрического типа
808.png,Покемон из стали типа
809.png,Покемон из стали типа
810.png,Покемон трава
811.png,Покемон трава
812.png,Покемон трава
813.png,Покемон огня
814.png,Покемон огня
815.png,Покемон огня
816.png,Покемон в воду
817.png,Покемон в воду
818.png,Покемон в воду
819.png,Покемон нормального типа
820.png,Покемон нормального типа
821.png,Покемон летающего типа
822.png,Покемон летающего типа
823.png,Покемон летающего типа и стали
824.png,Покемон типа ошибок
825.png,Тип ошибки и Psiquic-Type Pokémon
826.png,Тип ошибки и Psiquic-Type Pokémon
827.png,Покемон темного типа
828.png,Покемон темного типа
829.png,Покемон трава
830.png,Покемон трава
831.png,Покемон нормального типа
832.png,Покемон нормального типа
833.png,Покемон в воду
834.png,Покемон типа воды и рок-типа
835.png,Покемон электрического типа
836.png,Покемон электрического типа
837.png,Покемон рок-типа
838.png,Покемон рок-тип и пожарный
839.png,Покемон рок-тип и пожарный
840.png,Покемон типа трава и дракона
841.png,Покемон типа трава и дракона
842.png,Покемон типа трава и дракона
843.png,Покемон наземного типа
844.png,Покемон наземного типа
845.png,Покемон типа летающего типа и воды
846.png,Покемон в воду
847.png,Покемон в воду
848.png,Покемон электрического типа и ядов
849.png,Покемон электрического типа и ядов
850.png,Покемон пожарного и типа ошибок
851.png,Покемон пожарного и типа ошибок
852.png,Покемон боевого типа
853.png,Покемон боевого типа
854.png,Покемон призрака типа
855.png,Покемон призрака типа
856.png,Покемон психического типа
857.png,Покемон психического типа
858.png,Психический тип и фея покемонов
859.png,Темный тип и сказочный покемон
860.png,Темный тип и сказочный покемон
861.png,Темный тип и сказочный покемон
862.png,Темный тип и покемон нормального типа
863.png,Покемон из стали типа
864.png,Покемон призрака типа
865.png,Покемон боевого типа
866.png,Ледяной и психический тип покемонов
867.png,Покемон наземного типа и призрак
868.png,Покемон фея
869.png,Покемон фея
870.png,Покемон боевого типа
871.png,Покемон электрического типа
872.png,Покемон типа льда и типа
873.png,Покемон типа льда и типа
874.png,Покемон рок-типа
875.png,Покемон типа льда
876.png,Покемон психического типа и нормальный тип
877.png,Покемон электрического типа и темного типа
878.png,Покемон из стали типа
879.png,Покемон из стали типа
880.png,Покемон электрического типа и дракона
881.png,Покемон электрического типа и ледяной
882.png,Покемон типа воды и дракона
883.png,Покемон типа воды и ледяной
884.png,Покемон типа стали и дракона
885.png,Покемон типа дракона и типа призрак
886.png,Покемон типа дракона и типа призрак
887.png,Покемон типа дракона и типа призрак
888.png,Покемон фея
889.png,Покемон боевого типа
890.png,Покемон типа яда и типа дракона
891.png,Покемон боевого типа
892.png,Покемон боевого типа и темного типа
893.png,Темный тип и покемон травы
894.png,Покемон электрического типа
895.png,Покемон типа дракона
896.png,Покемон типа льда
897.png,Покемон призрака типа
898.png,Психический тип и покемон травы
10001.png,Покемон психического типа
10002.png,Покемон психического типа
10003.png,Покемон психического типа
10004.png,Тип ошибки и покемон наземного типа
10005.png,Покемон типа ошибок и сталь типа
10006.png,Покемон типа трава и летающий
10007.png,Покемон типа призрака и дракона
10008.png,Покемон электрический и пожарный
10009.png,Покемон в виде электрического типа и воды
10010.png,Покемон электрического типа и ледяной
10011.png,Покемон электрического типа и летающий
10012.png,Покемон электрического типа и травы
10013.png,Покемон огня
10014.png,Покемон в воду
10015.png,Покемон типа льда
10016.png,Покемон в воду
10017.png,Покемон пожарного и психического типа
10018.png,Нормальный тип и боевой тип покемонов
10019.png,Покемон летающего типа
10020.png,Покемон электрического типа и летающий
10021.png,Покемон наземного типа и летающий
10022.png,Покемон типа дракона и ледяной
10023.png,Покемон типа дракона и ледяной
10024.png,Покемон типа воды и боевой тип
10025.png,Покемон психического типа
10026.png,Покемон стального типа и призрак
10027.png,Покемон призрака и типа травы
10028.png,Покемон призрака и типа травы
10029.png,Покемон призрака и типа травы
10030.png,Покемон призрака и типа травы
10031.png,Покемон призрака и типа травы
10032.png,Покемон призрака и типа травы
10033.png,Покемон типа травы и яда
10034.png,Покемон огненного типа и дракона
10035.png,Покемон пожарного и летающего типа
10036.png,Покемон в воду
10037.png,Покемон психического типа
10038.png,Покемон типа призрака и яда
10039.png,Покемон нормального типа
10040.png,Тип ошибки и Покемон
10041.png,Покемон в водный и темный тип
10042.png,Покемон рок-типа и летающий
10043.png,Психический тип и боевой тип покемонов
10044.png,Покемон психического типа
10045.png,Покемон электрического типа и дракона
10046.png,Покемон типа ошибок и сталь типа
10047.png,Покемон типа ошибок и боевой тип
10048.png,Темный тип и покемон
10049.png,Покемон рок-типа и темного типа
10050.png,Покемон пожарного и боевого типа
10051.png,Психический тип и фея покемонов
10052.png,Покемон из стального типа и фея
10053.png,Покемон из стали типа
10054.png,Боевой тип и психический тип покемонов
10055.png,Покемон электрического типа
10056.png,Покемон призрака типа
10057.png,Покемон темного типа
10058.png,Покемон дракона и типа земли
10059.png,Покемон боевого типа и стали
10060.png,Покемон типа трава и ледяной
